[
    {
        "step": 1,
        "duration": 10,
        "r": {
            "freq": 82.4,
            "note": "E"
        },
        "g": {
            "freq": 123.5,
            "note": "B"
        },
        "b": {
            "freq": 207.7,
            "note": "G#"
        }
    },
    {
        "step": 2,
        "duration": 7,
        "r": {
            "freq": 87.3,
            "note": "F"
        },
        "g": {
            "freq": 146.8,
            "note": "D2"
        },
        "b": {
            "freq": 233.1,
            "note": "Bb"
        }
    },
    {
        "step": 3,
        "duration": 10,
        "r": {
            "freq": 98,
            "note": "G"
        },
        "g": {
            "freq": 146.8,
            "note": "D2"
        },
        "b": {
            "freq": 246.9,
            "note": "B"
        }
    },
    {
        "step": 4,
        "duration": 4,
        "r": {
            "freq": 87.3,
            "note": "F"
        },
        "g": {
            "freq": 146.8,
            "note": "D2"
        },
        "b": {
            "freq": 233.1,
            "note": "Bb"
        }
    },
    {
        "step": 5,
        "duration": 8,
        "r": {
            "freq": 82.4,
            "note": "E"
        },
        "g": {
            "freq": 123.5,
            "note": "B"
        },
        "b": {
            "freq": 207.7,
            "note": "G#"
        }
    },
    {
        "step": 6,
        "duration": 26,
        "r": {
            "freq": 0,
            "note": ""
        },
        "g": {
            "freq": 0,
            "note": ""
        },
        "b": {
            "freq": 0,
            "note": ""
        }
    },
    {
        "step": 7,
        "duration": 10,
        "r": {
            "freq": 82.4,
            "note": "E"
        },
        "g": {
            "freq": 123.5,
            "note": "B"
        },
        "b": {
            "freq": 207.7,
            "note": "G#"
        }
    },
    {
        "step": 8,
        "duration": 7,
        "r": {
            "freq": 92.5,
            "note": "F#"
        },
        "g": {
            "freq": 138.6,
            "note": "C#"
        },
        "b": {
            "freq": 220,
            "note": "A"
        }
    },
    {
        "step": 9,
        "duration": 10,
        "r": {
            "freq": 110,
            "note": "A"
        },
        "g": {
            "freq": 174.6,
            "note": "F"
        },
        "b": {
            "freq": 261.6,
            "note": "C"
        }
    },
    {
        "step": 10,
        "duration": 4,
        "r": {
            "freq": 130.8,
            "note": "C"
        },
        "g": {
            "freq": 185,
            "note": "F#"
        },
        "b": {
            "freq": 329.6,
            "note": "E"
        }
    },
    {
        "step": 11,
        "duration": 8,
        "r": {
            "freq": 123.5,
            "note": "B"
        },
        "g": {
            "freq": 220,
            "note": "A"
        },
        "b": {
            "freq": 311.1,
            "note": "Eb"
        }
    }
]
